,address,error
0,1KsZMqCBLMayCcWwhpj2zvzNMp29EnCMSP,Transaction data not proper
1,1PuXkbwqqwzEYo9SPGyAihAge3e9Lc71b,Transactions Not Found
2,3GhQYrCUnQpXLs2QMQbWhEVixqsw41aXQq,Transactions Not Found
3,19GTGeNPY8ESM2TDQaAGztuHPr6R7fjmjF,Transactions Not Found
4,1QCLfCy37e2z8uxF7KGpP4Ms24etcbBMwN,Transaction data not proper
5,1Hybc5s7bvkG8XP9RKnmWmNkVt5TYJwN2v,Transaction data not proper
6,1Ep88g4hg19HBo2R6ytfj9WnEpGYA1vSa2,Transaction data not proper
7,19V72dAjtA6DpA4ZM37YkFa2CiEfhLgfdL,Transaction data not proper
8,12z88aCiL5Un6KZoNH4XyndkLcFTt8nS4C,Transaction data not proper
9,3NGFakuSyqiEALNMgZCt7J2S1QRhAmbJo9,Transaction data not proper
10,149W5m8b2V8Wd6FKZXktv6QjJDH9vHvgv9,Transaction data not proper
11,14WRzPhVNC2rwt7nhSDX7PS2ADLhQjyrCJ,Transaction data not proper
12,1GrtPxzur2AUQNjiPVTMG3pGUfJP9rWxSo,Transaction data not proper
13,17SbDFD9SnPh6KxxMQgC1ukaDvJcaDxnc9,Transaction data not proper
14,1LT4HVnc3n3daQRZiWrpp9QedehE65PLZr,Transaction data not proper
15,1PoQeDSjQptzi8pXozDazo9x9QKZs79sH,Transaction data not proper
16,1CiJAQkocBXTr18KmgPzNEii2oV7fsxurz,Transaction data not proper
17,bc1qcd6n79cgzxrrsf20vrmq6egumqwp93nuf62c95,Transaction data not proper
18,143sS8RNaEAmWcuFZdBQU4wSd2BvwWYVBV,Transaction data not proper
19,3KoRHDx4xcrzbG9WPmhTeFwNx4DFPtcLny,Transactions Not Found
20,3Drx615U8RfpH94hAdM2gCtnbbaGMeHAgJ,Transactions Not Found
21,1EETqoe5efF1g7teCG8kxN8jmvXS7vkuDm,Transaction data not proper
22,1CqTAEBZsvLUUDqyLXzyiTTD3PwkTjgSue,Transactions Not Found
23,1NRZsxZZ6hPSsCRH5HpYGo8aB7KNYCWwET,Transaction data not proper
24,13CnzTqQS8jdSgyu5oyJExyEa5DPqBsZXj,Transaction data not proper
25,1DJS5uiC2tnB8K7DfXybjg8ShAACPz1E9K,Transaction data not proper
26,1HokFW9BJBpuzjiKJncNEXsov2R1oo8t4e,Transaction data not proper
27,1NPJBGjKBGGE3k5caEG8V49WTiY15JodVW,Transaction data not proper
28,1G9G7mqjvyvaCUYx2jG2VVD2yRfHYTcEvY,Transaction data not proper
29,1DfusHq1TANgzRqRt7tioj2o8fPDaMAAhB,Transaction data not proper
30,1PyCjYVf6tSwxWknXfDe1JkE7uuQ7NiBcP,Transaction data not proper
31,18dVdFuvPUkd2oHFwE48hHb9thZ1DCYc36,Transaction data not proper
32,33e98FkZs3U3ShK8HL21WVfoofFPLrPrd9,Transactions Not Found
33,1PRvGe31ZDyrXgXahCJwgBMmu8Qwo1GB9o,Transaction data not proper
34,1HWwYipMzyMFfmjnyxz5686U22iKFTizt7,Transaction data not proper
35,1Fn3Jo82ZtgteCkbQrfei5imqK6yTmJ236,Transaction data not proper
36,1KWDLZis4cxcBTU7TTwVN2GWH227bRo6Lo,Transaction data not proper
37,1L9foWExukKiGc1ywJu3aC2pPJuU6vUqED,Transaction data not proper
38,1JU5PgAUNzF18AtuNdtFMsKLXvZatCJ1UA,Transaction data not proper
39,1LozFBDuNEFMvJghGvRV8P6uWowubjnqAA,Transaction data not proper
40,33LxukQk1TGiu1KWQZqTmkoXc3fL2eh3VN,Transaction data not proper
41,1ER4xRXuiiDrbA66JELQZW1GJ1PeohSfUv,Transaction data not proper
42,38AfDZ2NzZ1u8N4xNhZaRdb2dsfqcFhJ1k,Transaction data not proper
43,1HYzTBEc79Gf4hobBC77iA2bWTZQpUnUsu,Transaction data not proper
44,19URzaZzsmkFMnEkZDJssAFcERFBeQDidB,Transaction data not proper
45,16sAXi1jxhxKCfY84hubDdnFNaAhqd5t49,Transaction data not proper
46,bc1qmssfmf5pcncs0waajvpaqlntc5dwtnyu47cld9,Transaction data not proper
47,18MDgrp6Y3fPCsdUMQd5G4kKZd3MMJDua9,Transactions Not Found
48,18ac3v1NCJcLr9V1FXRvrxfuEAwqGbUNFY,Transaction data not proper
49,1Pm4buQaM9Dx1syS1TESHEHZTUg6sY1Ez7,Transaction data not proper
50,15jiY6uiTNTe9mViTywAZfb33CuAmNfnxA,Transaction data not proper
51,17naV3XHo9YqeW6Fm7mBx7JC4dv9cLxvSz,Transaction data not proper
52,1A5f2Sh8cMQNPTAe9792EksiAsktrXoDaG,Transaction data not proper
53,19yUYtQvLmA98PsFdhoVNjGfyGk3nAjhcv,Transaction data not proper
54,1KzBBoJmQPT58UWgCqeSh6dhXKwkHF3tzw,Transaction data not proper
55,3QMyG1TkGEK9kaFGzYND6xarN8nbUuFtiq,Transaction data not proper
56,1Bx5v9rNBXcpcaY62MnKAHvPmbRkcRydTw,Transaction data not proper
57,16uRNyWjBN6DpTc5C2tZ1J1hRfa8o6r1uC,Transaction data not proper
58,15VFhFjhTKfStYtayH8KP3YATWjgrT7J38,Transaction data not proper
59,3AtLb9GArkm1EqZg7wxiSRzTMRRxXkJ2pU,Transaction data not proper
60,1Fixk1zHHpzVKsWaSiCuguocieLRzR96hd,Transaction data not proper
61,1ADjoDoSji3TxRD1D33u1iPG4dLJwEZjNz,Transaction data not proper
62,1GZXXLNy51rLiSQ4DvXZ9soH58Y4WKV48w,Transaction data not proper
63,16YATus9P5LAEa1UnV9cj4efwJziURF6vX,Transaction data not proper
64,1JE31Z83BoTidwPfXGwxoEQuoNerr4ESX1,Transaction data not proper
65,38KM3vb2sWWXKBi697J3f1hxvzVCgTTvz5,Transaction data not proper
66,13vRGWhTsMq2HXZuESXvmTkaZ5fnnk2w3M,Transaction data not proper
67,1B4qpquZKj1XQFL85BLC5tKEyez5HtaytS,Transaction data not proper
68,36ab5o9E31m2egaMyiCnZ2Wbz2nAqog7Lo,Transaction data not proper
69,19BXJoToYfA7V6b7Bv7HQc4wMLn1Z6gGzL,Transaction data not proper
70,15bBj4fY8sJJn1cgmmYCFmySpfTdNhtwjN,Transaction data not proper
71,1CjoyHWXF8LazJvN9g235H4gMW9HMq1ADP,Transaction data not proper
72,12dd1iTnmvd3z2p9WupsMhtjHDWstYKsC4,Transaction data not proper
73,1AsMut7u6mwG4fZbHY79dB6Av8CoXx7nPj,Transaction data not proper
74,1DGirAUS8UGFt3ms96Xs45MyuBs3PAKpUH,Transaction data not proper
75,3JqqSxLku7h8WUD2LZ7JenoeUdNzBNEDH6,Transaction data not proper
76,14ao3WNKrmgeKQDtsDQQHZCSjzu4UUuSoY,Transaction data not proper
77,1CdpgKRiVKrxCnjeVVt7VAEcrSUuX2ZHC,Transaction data not proper
78,1NCdhircczQsguht29KNL8uzdQVB67rxV6,Transaction data not proper
79,1N2f3M1RgfhMKfddoo5ArJTAPTDX9UJJp4,Transaction data not proper
80,1Krt8tN2228wXNpgGpk7t4umdHcSUriaFS,Transaction data not proper
81,1L2BCcSEDmHvjkfuhXC3xkBZGg6JZZCSHB,Transaction data not proper
82,19UDXndJmoGg2hjgD1Df98bKiaX9hBRv9d,Transaction data not proper
83,37RQVV3Z8dZPPtRCkZ1XsPXki1P3Q6QJXi,Transaction data not proper
84,1DWvhcSbRAb2miLz7oPUzfALwoxtxS1HiS,Transaction data not proper
85,14E1PHSD68MfrCsKCDXxK66Tj8M8fxg49M,Transaction data not proper
86,13iD1VchEc9qxmTVNp6b5tt4pfXQXKVvQc,Transaction data not proper
87,13cU3Z2YLTSXvzF6yPMBWXsMEMgBfr1B6m,Transaction data not proper
88,1B71xL9BZAFcphF7PS6TK1mtV7EB6L6pKZ,Transaction data not proper
89,12Zus4YrW93PQh2XKpjtiTEP1PadHEFosC,Transaction data not proper
90,1Jsx7bUjEdo2uCHV9A5b7aUkWbLrzFGN64,Transaction data not proper
91,1PKdEaFUFX6rkFW7jH8e7dim8B6cYeYkED,Transactions Not Found
92,1GzbKFwyXSPwNi3k8fQYYgotDWqLzt3X2i,Transaction data not proper
93,3KeSVN1qaPCCsHpdaC4bPa9XSHMBWnRt19,Transactions Not Found
94,bc1qwcw3te55v5lwav2dhcx3z5z8f4wnqsp5h785j5,Transactions Not Found
95,3NTDwmGTTSoCrDo7JQLanZtfbjjgijj4QH,Transactions Not Found
96,1R1MLXgDZD7hv6gRV2PiowtP1AVQgNpmT,Transactions Not Found
97,16ZYadf7iuEsMN65hrGtTQjuydAbxvU3xz,Transactions Not Found
98,bc1qrqr2gty9vc9dlup6s5weahz3yfd3z99cnhd09z,Transactions Not Found
99,1HuN3NEVVrJHDmQheH9fQLNKa9LtYg5NWA,Transactions Not Found
100,1EuJevMZs7a97pdaRG72JabCboCZWcW75g,Transaction data not proper
101,18gTEMoRjD8QPby2m47iTEGGadPuANsA6A,Transactions Not Found
102,1CUMQasBUqiHtS7kQxfpiyh1e4NWGa2z6k,Transactions Not Found
103,1EGjPCqdCEHjJPbtT54xsTF6V3sbjv2W1r,Transaction data not proper
104,1KfEgCpSAZytGnRJh6vAvj8xPQoFd8siqY,Transaction data not proper
105,17MG1BM7iPtJqDAigjsm15zFKDo9Q6hS38,Transaction data not proper
106,19QN8VgtfAsVSpLBmwi1KfRYqKUuTR7jaZ,Transaction data not proper
107,1N5XYtcbfYv2yxmpM997JrBobGDkS6iY6G,Transaction data not proper
108,1KE939MqVccXwwvomb6ZVmyGZ4G8MNRtKs,Transaction data not proper
109,1243KPFQZpAeYyXY6P3a4rz12a6FsFwQpu,Transaction data not proper
110,1ERnyNQs4XDXYzmxDnb1M9MrQ5tcPVv5qp,Transaction data not proper
111,1dbaRSYUjXcG4qWdTXqE9w31efvTtcgwV,Transaction data not proper
112,1JqqVFfXAFyvotZTdowp15N5FWt6C6PrCB,Transaction data not proper
113,1N1Mm2djQF8GdYoLLv3RJs9Vh5AogkStTc,Transaction data not proper
114,16ix9R5VYt4KBFFZgtNuvySJ3mqcWmHhSf,Transaction data not proper
115,16o93B721FzMsGkG5oqThgpqJCKP3Kg6tQ,Transaction data not proper
116,1HckjUpRGcrrRAtFaaCAUaGjsPx9oYmLaZ,Transaction data not proper
117,38Rh6cFAdFsAqPUNcW8DbbvwdSxHbfdEMw,Transaction data not proper
118,1PJwaZgdpWRgJaLxHfeWWZUDYEZiHiqo17,Transaction data not proper
119,12cZyH7F7spJeepL1cDek79QQfUS59TzmS,Transaction data not proper
120,1Pfa2KMHcMVwfUUgVRaS6K8YNdsBKtsVtz,Transaction data not proper
121,1PWs8vvBVu4V6jeJhw2QyTftGFywgxN57B,Transaction data not proper
122,3K5QABdSMkgLbZj3Wcv2riQ4T6pQ2Gk9QH,Transaction data not proper
123,1Hmuf1X5u7JV3JmNCRfbbpR5Nyn5jfoxn2,Transaction data not proper
124,1Briyeej1E2ZoeVW3gTtviTqdBbPPmn3i3,Transaction data not proper
125,1AyvBX6SXeLyP5LeLV41yNcVNzeuPpU1A9,Transaction data not proper
126,18GTdiZqi4q2hCdZ3tLHFWFmqPHuUFvCsz,Transaction data not proper
127,1F75bV8YuPeb5YTJKyJp6mcj6DfQR97jK8,Transaction data not proper
128,178ctKEvnfBmHjVMjSLKkiCmDRZRDniiQN,Transaction data not proper
129,1CCSjEYUQWgRtxGz2EmKmfDM5nYD7HjSCr,Transaction data not proper
130,1AY8kBbj4QA8H4QrE496LKcKgpCY9aUYGC,Transaction data not proper
131,1L13kAUooYkPiDq5gEorPNsVhkYTRpJLLL,Transaction data not proper
132,1HYB3wvLt6wwgM6i5TchqZe26GuAze75md,Transaction data not proper
133,17Ta2mFfxJcNN2iZAxGnQJ1GuuPPrnKnPA,Transaction data not proper
134,33vYSGzFeo99Jr1k91zrhKb74imS18uoaF,Transaction data not proper
